-- @block
-- Drop all tables in the database
Drop DATABASE BANANAS;
-- @block
-- Drop all tables in the database
CREATE DATABASE BANANAS;
-- @block
CREATE TABLE ACTUATOR_PIPE (
    ID_ACTUATOR INTEGER NOT NULL,
    ID_TYPE INTEGER NULL
);
CREATE UNIQUE INDEX XPKACTUATOR_PIPE ON ACTUATOR_PIPE (ID_ACTUATOR ASC);
ALTER TABLE ACTUATOR_PIPE
ADD CONSTRAINT XPKACTUATOR_PIPE PRIMARY KEY (ID_ACTUATOR);
CREATE TABLE ACTUATOR_SECTOR (
    ID_ACTUATOR INTEGER NOT NULL,
    ID_TYPE INTEGER NULL
);
CREATE UNIQUE INDEX XPKACTUATOR_SECTOR ON ACTUATOR_SECTOR (ID_ACTUATOR ASC);
ALTER TABLE ACTUATOR_SECTOR
ADD CONSTRAINT XPKACTUATOR_SECTOR PRIMARY KEY (ID_ACTUATOR);
CREATE TABLE PUMP (
    ID_ACTUATOR INTEGER NOT NULL,
    IS_ACTIVE VARCHAR(18) NULL
);
CREATE UNIQUE INDEX XPKPUMP ON PUMP (ID_ACTUATOR ASC);
ALTER TABLE PUMP
ADD CONSTRAINT XPKPUMP PRIMARY KEY (ID_ACTUATOR);
CREATE TABLE NUTRITION_VALUE (
    ID_ACTUATOR INTEGER NOT NULL,
    FLOW_RATE INTEGER NULL
);
CREATE UNIQUE INDEX XPKNUTRITION_VALUE ON NUTRITION_VALUE (ID_ACTUATOR ASC);
ALTER TABLE NUTRITION_VALUE
ADD CONSTRAINT XPKNUTRITION_VALUE PRIMARY KEY (ID_ACTUATOR);
CREATE TABLE ACTUATOR_SECTOR_TYPE (
    ID_TYPE INTEGER NOT NULL,
    DESCRIPTION VARCHAR(18) NULL,
    IS_SWITCH SMALLINT NULL
);
CREATE UNIQUE INDEX XPKACTUATOR_SECTOR_TYPE ON ACTUATOR_SECTOR_TYPE (ID_TYPE ASC);
ALTER TABLE ACTUATOR_SECTOR_TYPE
ADD CONSTRAINT XPKACTUATOR_SECTOR_TYPE PRIMARY KEY (ID_TYPE);
CREATE TABLE ADDRESS (
    LON FLOAT NOT NULL,
    LAT FLOAT NOT NULL,
    DESCRIPTION VARCHAR(18) NULL
);
CREATE UNIQUE INDEX XPKADDRESS ON ADDRESS (LON ASC, LAT ASC);
ALTER TABLE ADDRESS
ADD CONSTRAINT XPKADDRESS PRIMARY KEY (LON, LAT);
CREATE TABLE ESTATE (
    _default_ VARCHAR(18) NULL,
    LON FLOAT NOT NULL,
    LAT FLOAT NOT NULL
);
CREATE UNIQUE INDEX XPKESTATE ON ESTATE (LON ASC, LAT ASC);
ALTER TABLE ESTATE
ADD CONSTRAINT XPKESTATE PRIMARY KEY (LON, LAT);
CREATE TABLE PIPE (ID_PIPE INTEGER NOT NULL);
CREATE UNIQUE INDEX XPKPIPE ON PIPE (ID_PIPE ASC);
ALTER TABLE PIPE
ADD CONSTRAINT XPKPIPE PRIMARY KEY (ID_PIPE);
CREATE TABLE PIPE_ACT_LOC (
    ID_ACTUATOR INTEGER NOT NULL,
    ID_PIPE INTEGER NULL
);
CREATE UNIQUE INDEX XPKPIPE_ACT_LOC ON PIPE_ACT_LOC (ID_ACTUATOR ASC);
ALTER TABLE PIPE_ACT_LOC
ADD CONSTRAINT XPKPIPE_ACT_LOC PRIMARY KEY (ID_ACTUATOR);
CREATE TABLE SENSOR_SECTOR (
    ID_SENSOR INTEGER NOT NULL,
    ID_SENSOR_TYPE INTEGER NULL
);
CREATE UNIQUE INDEX XPKSENSOR_SECTOR ON SENSOR_SECTOR (ID_SENSOR ASC);
ALTER TABLE SENSOR_SECTOR
ADD CONSTRAINT XPKSENSOR_SECTOR PRIMARY KEY (ID_SENSOR);
CREATE TABLE MEASUREMENT_SECTOR (
    ID_SENSOR INTEGER NOT NULL,
    TIMESTAMP DATE NOT NULL,
    ID_MEAS_TYPE INTEGER NULL
);
CREATE UNIQUE INDEX XPKMEASUREMENT ON MEASUREMENT_SECTOR (ID_SENSOR ASC, TIMESTAMP ASC);
ALTER TABLE MEASUREMENT_SECTOR
ADD CONSTRAINT XPKMEASUREMENT PRIMARY KEY (ID_SENSOR, TIMESTAMP);
CREATE TABLE SENSOR_TYPE (
    ID_SENSOR_TYPE INTEGER NOT NULL,
    DESCRIPTION VARCHAR(18) NULL,
    LOCATION VARCHAR(18) NULL
);
CREATE UNIQUE INDEX XPKSENSOR_TYPE ON SENSOR_TYPE (ID_SENSOR_TYPE ASC);
ALTER TABLE SENSOR_TYPE
ADD CONSTRAINT XPKSENSOR_TYPE PRIMARY KEY (ID_SENSOR_TYPE);
CREATE TABLE VALUE_SECTOR (
    ID_SENSOR INTEGER NOT NULL,
    TIMESTAMP DATE NOT NULL,
    ID_VALUE INTEGER NOT NULL,
    VALUE INTEGER NULL
);
CREATE UNIQUE INDEX XPKVALUE ON VALUE_SECTOR (ID_SENSOR ASC, TIMESTAMP ASC, ID_VALUE ASC);
ALTER TABLE VALUE_SECTOR
ADD CONSTRAINT XPKVALUE PRIMARY KEY (ID_SENSOR, TIMESTAMP, ID_VALUE);
CREATE TABLE MEASUREMENT_TYPE (
    ID_MEAS_TYPE INTEGER NOT NULL,
    UNIT VARCHAR(18) NULL,
    NUM_VALUES VARCHAR(18) NULL
);
CREATE UNIQUE INDEX XPKMEASUREMENT_TYPE ON MEASUREMENT_TYPE (ID_MEAS_TYPE ASC);
ALTER TABLE MEASUREMENT_TYPE
ADD CONSTRAINT XPKMEASUREMENT_TYPE PRIMARY KEY (ID_MEAS_TYPE);
CREATE TABLE SENSOR_PIPE (
    ID_SENSOR INTEGER NOT NULL,
    ID_SENSOR_TYPE INTEGER NULL
);
CREATE UNIQUE INDEX XPKSENSOR_PIPE ON SENSOR_PIPE (ID_SENSOR ASC);
ALTER TABLE SENSOR_PIPE
ADD CONSTRAINT XPKSENSOR_PIPE PRIMARY KEY (ID_SENSOR);
CREATE TABLE PIPE_SENS_LOC (
    ID_SENSOR INTEGER NOT NULL,
    ID_PIPE INTEGER NULL
);
CREATE UNIQUE INDEX XPKPIPE_SENSOR_LOC ON PIPE_SENS_LOC (ID_SENSOR ASC);
ALTER TABLE PIPE_SENS_LOC
ADD CONSTRAINT XPKPIPE_SENSOR_LOC PRIMARY KEY (ID_SENSOR);
CREATE TABLE MEASUREMENT_PIPE (
    TIMESTAMP DATE NOT NULL,
    ID_SENSOR INTEGER NOT NULL,
    ID_MEAS_TYPE INTEGER NULL
);
CREATE UNIQUE INDEX XPKMEASUREMENT ON MEASUREMENT_PIPE (TIMESTAMP ASC, ID_SENSOR ASC);
ALTER TABLE MEASUREMENT_PIPE
ADD CONSTRAINT XPKMEASUREMENT PRIMARY KEY (TIMESTAMP, ID_SENSOR);
CREATE TABLE SECTOR (
    id_sector INTEGER NOT NULL,
    LON FLOAT NULL,
    LAT FLOAT NULL,
    WATER_DEMAND VARCHAR(18) NULL
);
CREATE UNIQUE INDEX XPKSECTOR ON SECTOR (id_sector ASC);
ALTER TABLE SECTOR
ADD CONSTRAINT XPKSECTOR PRIMARY KEY (id_sector);
CREATE TABLE SECT_ACT_LOC (
    ID_ACTUATOR INTEGER NOT NULL,
    id_sector INTEGER NULL
);
CREATE UNIQUE INDEX XPKSECT_ACT_LOC ON SECT_ACT_LOC (ID_ACTUATOR ASC);
ALTER TABLE SECT_ACT_LOC
ADD CONSTRAINT XPKSECT_ACT_LOC PRIMARY KEY (ID_ACTUATOR);
CREATE TABLE VALUE_PIPE (
    TIMESTAMP DATE NOT NULL,
    VALUE_ID INTEGER NOT NULL,
    VALUE INTEGER NULL,
    ID_SENSOR INTEGER NOT NULL
);
CREATE UNIQUE INDEX XPKVALUE ON VALUE_PIPE (TIMESTAMP ASC, VALUE_ID ASC, ID_SENSOR ASC);
ALTER TABLE VALUE_PIPE
ADD CONSTRAINT XPKVALUE PRIMARY KEY (TIMESTAMP, VALUE_ID, ID_SENSOR);
CREATE TABLE WEATHER (
    RAIN VARCHAR(18) NULL,
    TEMPERATURE VARCHAR(18) NULL,
    LON FLOAT NOT NULL,
    LAT FLOAT NOT NULL,
    TIMESTAMP DATE NOT NULL
);
CREATE UNIQUE INDEX XPKWEATHER ON WEATHER (LON ASC, LAT ASC, TIMESTAMP ASC);
ALTER TABLE WEATHER
ADD CONSTRAINT XPKWEATHER PRIMARY KEY (LON, LAT, TIMESTAMP);
CREATE TABLE WATER_VALVE (
    ID_ACTUATOR INTEGER NOT NULL,
    IS_ACTIVE VARCHAR(18) NULL
);
CREATE UNIQUE INDEX XPKWATER_VALVE ON WATER_VALVE (ID_ACTUATOR ASC);
ALTER TABLE WATER_VALVE
ADD CONSTRAINT XPKWATER_VALVE PRIMARY KEY (ID_ACTUATOR);
CREATE TABLE ACTUATOR_PIPE_TYPE (
    ID_TYPE INTEGER NOT NULL,
    DESCRIPTION VARCHAR(18) NULL,
    IS_SWITCH SMALLINT NULL
);
CREATE UNIQUE INDEX XPKACTUATOR_PIPE_TYPE ON ACTUATOR_PIPE_TYPE (ID_TYPE ASC);
ALTER TABLE ACTUATOR_PIPE_TYPE
ADD CONSTRAINT XPKACTUATOR_PIPE_TYPE PRIMARY KEY (ID_TYPE);
CREATE TABLE SECT_SENS_LOC (
    ID_SENSOR INTEGER NOT NULL,
    id_sector INTEGER NULL
);
CREATE UNIQUE INDEX XPKSECT_ACT_LOC ON SECT_SENS_LOC (ID_SENSOR ASC);
ALTER TABLE SECT_SENS_LOC
ADD CONSTRAINT XPKSECT_ACT_LOC PRIMARY KEY (ID_SENSOR);
CREATE TABLE CONNECTION (
    ID_SECTOR_IN INTEGER NOT NULL,
    ID_SECTOR_OUT INTEGER NOT NULL,
    ID_PIPE INTEGER NOT NULL
);
CREATE UNIQUE INDEX XPKCONNECTION ON CONNECTION (
    ID_SECTOR_IN ASC,
    ID_SECTOR_OUT ASC,
    ID_PIPE ASC
);
ALTER TABLE CONNECTION
ADD CONSTRAINT XPKCONNECTION PRIMARY KEY (ID_SECTOR_IN, ID_SECTOR_OUT, ID_PIPE);
ALTER TABLE ACTUATOR_PIPE
ADD (
        CONSTRAINT R_42 FOREIGN KEY (ID_TYPE) REFERENCES ACTUATOR_PIPE_TYPE (ID_TYPE) ON DELETE
        SET NULL
    );
ALTER TABLE ACTUATOR_SECTOR
ADD (
        CONSTRAINT R_43 FOREIGN KEY (ID_TYPE) REFERENCES ACTUATOR_SECTOR_TYPE (ID_TYPE) ON DELETE
        SET NULL
    );
ALTER TABLE PUMP
ADD (
        CONSTRAINT R_140 FOREIGN KEY (ID_ACTUATOR) REFERENCES ACTUATOR_SECTOR (ID_ACTUATOR) ON DELETE CASCADE
    );
ALTER TABLE NUTRITION_VALUE
ADD (
        CONSTRAINT R_13 FOREIGN KEY (ID_ACTUATOR) REFERENCES ACTUATOR_SECTOR (ID_ACTUATOR) ON DELETE CASCADE
    );
ALTER TABLE ESTATE
ADD (
        CONSTRAINT R_1 FOREIGN KEY (LON, LAT) REFERENCES ADDRESS (LON, LAT)
    );
ALTER TABLE PIPE_ACT_LOC
ADD (
        CONSTRAINT R_40 FOREIGN KEY (ID_ACTUATOR) REFERENCES ACTUATOR_PIPE (ID_ACTUATOR)
    );
ALTER TABLE PIPE_ACT_LOC
ADD (
        CONSTRAINT R_41 FOREIGN KEY (ID_PIPE) REFERENCES PIPE (ID_PIPE) ON DELETE
        SET NULL
    );
ALTER TABLE SENSOR_SECTOR
ADD (
        CONSTRAINT R_53 FOREIGN KEY (ID_SENSOR_TYPE) REFERENCES SENSOR_TYPE (ID_SENSOR_TYPE) ON DELETE
        SET NULL
    );
ALTER TABLE MEASUREMENT_SECTOR
ADD (
        CONSTRAINT R_28 FOREIGN KEY (ID_SENSOR) REFERENCES SENSOR_SECTOR (ID_SENSOR)
    );
ALTER TABLE MEASUREMENT_SECTOR
ADD (
        CONSTRAINT R_37 FOREIGN KEY (ID_MEAS_TYPE) REFERENCES MEASUREMENT_TYPE (ID_MEAS_TYPE) ON DELETE
        SET NULL
    );
ALTER TABLE VALUE_SECTOR
ADD (
        CONSTRAINT R_300 FOREIGN KEY (ID_SENSOR, TIMESTAMP) REFERENCES MEASUREMENT_SECTOR (ID_SENSOR, TIMESTAMP)
    );
ALTER TABLE SENSOR_PIPE
ADD (
        CONSTRAINT R_52 FOREIGN KEY (ID_SENSOR_TYPE) REFERENCES SENSOR_TYPE (ID_SENSOR_TYPE) ON DELETE
        SET NULL
    );
ALTER TABLE PIPE_SENS_LOC
ADD (
        CONSTRAINT R_260 FOREIGN KEY (ID_SENSOR) REFERENCES SENSOR_PIPE (ID_SENSOR)
    );
ALTER TABLE PIPE_SENS_LOC
ADD (
        CONSTRAINT R_45 FOREIGN KEY (ID_PIPE) REFERENCES PIPE (ID_PIPE) ON DELETE
        SET NULL
    );
ALTER TABLE MEASUREMENT_PIPE
ADD (
        CONSTRAINT R_50 FOREIGN KEY (ID_SENSOR) REFERENCES SENSOR_PIPE (ID_SENSOR)
    );
ALTER TABLE MEASUREMENT_PIPE
ADD (
        CONSTRAINT R_51 FOREIGN KEY (ID_MEAS_TYPE) REFERENCES MEASUREMENT_TYPE (ID_MEAS_TYPE) ON DELETE
        SET NULL
    );
ALTER TABLE SECTOR
ADD (
        CONSTRAINT R_4 FOREIGN KEY (LON, LAT) REFERENCES ESTATE (LON, LAT) ON DELETE
        SET NULL
    );
ALTER TABLE SECT_ACT_LOC
ADD (
        CONSTRAINT R_6 FOREIGN KEY (ID_ACTUATOR) REFERENCES ACTUATOR_SECTOR (ID_ACTUATOR)
    );
ALTER TABLE SECT_ACT_LOC
ADD (
        CONSTRAINT R_9 FOREIGN KEY (id_sector) REFERENCES SECTOR (id_sector) ON DELETE
        SET NULL
    );
ALTER TABLE VALUE_PIPE
ADD (
        CONSTRAINT R_30 FOREIGN KEY (TIMESTAMP, ID_SENSOR) REFERENCES MEASUREMENT_PIPE (TIMESTAMP, ID_SENSOR)
    );
ALTER TABLE WEATHER
ADD (
        CONSTRAINT R_49 FOREIGN KEY (LON, LAT) REFERENCES ADDRESS (LON, LAT)
    );
ALTER TABLE WATER_VALVE
ADD (
        CONSTRAINT R_14 FOREIGN KEY (ID_ACTUATOR) REFERENCES ACTUATOR_PIPE (ID_ACTUATOR) ON DELETE CASCADE
    );
ALTER TABLE SECT_SENS_LOC
ADD (
        CONSTRAINT R_27 FOREIGN KEY (id_sector) REFERENCES SECTOR (id_sector) ON DELETE
        SET NULL
    );
-- ALTER TABLE SECT_SENS_LOC
-- ADD (
--         CONSTRAINT R_26 FOREIGN KEY (ID_SENSOR) REFERENCES SENSOR_SECTOR (ID_SENSOR)
--     );
ALTER TABLE SECT_SENS_LOC
ADD (
        CONSTRAINT R_54 FOREIGN KEY (ID_SENSOR) REFERENCES SENSOR_SECTOR (ID_SENSOR)
    );
ALTER TABLE CONNECTION
ADD (
        CONSTRAINT R_33 FOREIGN KEY (ID_SECTOR_IN) REFERENCES SECTOR (id_sector)
    );
ALTER TABLE CONNECTION
ADD (
        CONSTRAINT R_35 FOREIGN KEY (ID_PIPE) REFERENCES PIPE (ID_PIPE)
    );
ALTER TABLE CONNECTION
ADD (
        CONSTRAINT R_36 FOREIGN KEY (ID_SECTOR_OUT) REFERENCES SECTOR (id_sector)
    );
--@block
-- Make is active a boolean
ALTER TABLE PUMP
MODIFY COLUMN IS_ACTIVE bit;
ALTER TABLE WATER_VALVE
MODIFY COLUMN IS_ACTIVE bit;
--@block
-- populate the ESTATE table.
-- VARS: LONG, LAT
INSERT INTO ADDRESS (LON, LAT)
VALUES (28.118812, -15.533842);
INSERT INTO ESTATE (LON, LAT)
VALUES (28.118812, -15.533842);
--@block
/*Populates 4 sectors into sector table*/
INSERT INTO sector (id_sector, LON, LAT, WATER_DEMAND)
VALUES (1, 28.118812, -15.533842, '100');
INSERT INTO sector (id_sector, LON, LAT, WATER_DEMAND)
VALUES (2, 28.118812, -15.533842, '80');
INSERT INTO sector (id_sector, LON, LAT, WATER_DEMAND)
VALUES (3, 28.118812, -15.533842, '110');
INSERT INTO sector (id_sector, LON, LAT, WATER_DEMAND)
VALUES (4, 28.118812, -15.533842, '60');
--@block
-- POPULATES the SECT_ACT_LOC branching from SECTOR.
-- ACTUATOR_SECTOR_TYPE populated with every type of actuator
INSERT INTO ACTUATOR_SECTOR_TYPE (ID_TYPE, DESCRIPTION, IS_SWITCH)
VALUES (1, 'pump_actuator', 1);
-- INSERT INTO ACTUATOR_SECTOR_TYPE (ID_TYPE, DESCRIPTION, IS_SWITCH) VALUE (2, 'NUTRITION VALVE ACTUATOR', 0);
--@block
-- ACTUATOR_SECTOR
INSERT INTO ACTUATOR_SECTOR (ID_ACTUATOR, ID_TYPE)
VALUES (1, 1);
INSERT INTO ACTUATOR_SECTOR (ID_ACTUATOR, ID_TYPE)
VALUES (2, 2);
INSERT INTO ACTUATOR_SECTOR (ID_ACTUATOR, ID_TYPE)
VALUES (3, 1);
INSERT INTO ACTUATOR_SECTOR (ID_ACTUATOR, ID_TYPE)
VALUES (4, 2);
INSERT INTO ACTUATOR_SECTOR (ID_ACTUATOR, ID_TYPE)
VALUES (5, 1);
INSERT INTO ACTUATOR_SECTOR (ID_ACTUATOR, ID_TYPE)
VALUES (6, 2);
INSERT INTO ACTUATOR_SECTOR (ID_ACTUATOR, ID_TYPE)
VALUES (7, 1);
INSERT INTO ACTUATOR_SECTOR (ID_ACTUATOR, ID_TYPE)
VALUES (8, 2);
-- SECT_ACT_LOC relationship binding actuators and sectors
INSERT INTO SECT_ACT_LOC (ID_ACTUATOR, ID_SECTOR)
VALUES (1, 1);
INSERT INTO SECT_ACT_LOC (ID_ACTUATOR, ID_SECTOR)
VALUES (2, 1);
INSERT INTO SECT_ACT_LOC (ID_ACTUATOR, ID_SECTOR)
VALUES (3, 2);
INSERT INTO SECT_ACT_LOC (ID_ACTUATOR, ID_SECTOR)
VALUES (4, 2);
INSERT INTO SECT_ACT_LOC (ID_ACTUATOR, ID_SECTOR)
VALUES (5, 3);
INSERT INTO SECT_ACT_LOC (ID_ACTUATOR, ID_SECTOR)
VALUES (6, 3);
INSERT INTO SECT_ACT_LOC (ID_ACTUATOR, ID_SECTOR)
VALUES (7, 4);
INSERT INTO SECT_ACT_LOC (ID_ACTUATOR, ID_SECTOR)
VALUES (8, 4);
-- PUMP and NUTRITION VALVE population INSERT INTO PUMP (ID_ACTUATOR, IS_ACTIVE)
INSERT INTO PUMP (ID_ACTUATOR, IS_ACTIVE)
VALUES (3, 'OFF');
INSERT INTO PUMP (ID_ACTUATOR, IS_ACTIVE)
VALUES (5, 'OFF');
INSERT INTO PUMP (ID_ACTUATOR, IS_ACTIVE)
VALUES (7, 'OFF');
INSERT INTO NUTRITION_VALVE (ID_ACTUATOR, IS_ACTIVE)
VALUES (1, 'ON');
INSERT INTO NUTRITION_VALVE (ID_ACTUATOR, IS_ACTIVE)
VALUES (4, 'OFF');
INSERT INTO NUTRITION_VALVE (ID_ACTUATOR, IS_ACTIVE)
VALUES (6, 'ON');
INSERT INTO NUTRITION_VALVE (ID_ACTUATOR, IS_ACTIVE)
VALUES (8, 'OFF');
--@block    A
-- ERROR
/*Populates sector_sensor_loc table*/
INSERT INTO sector_sensor_loc (id_sensor, id_sector)
VALUES (1, 1);
INSERT INTO sector_sensor_loc (id_sensor, id_sector)
VALUES (2, 1);
INSERT INTO sector_sensor_loc (id_sensor, id_sector)
VALUES (3, 1);
INSERT INTO sector_sensor_loc (id_sensor, id_sector)
VALUES (4, 1);
INSERT INTO sector_sensor_loc (id_sensor, id_sector)
VALUES (5, 2);
INSERT INTO sector_sensor_loc (id_sensor, id_sector)
VALUES (6, 2);
INSERT INTO sector_sensor_loc (id_sensor, id_sector)
VALUES (7, 2);
INSERT INTO sector_sensor_loc (id_sensor, id_sector)
VALUES (8, 2);
INSERT INTO sector_sensor_loc (id_sensor, id_sector)
VALUES (9, 3);
INSERT INTO sector_sensor_loc (id_sensor, id_sector)
VALUES (10, 3);
INSERT INTO sector_sensor_loc (id_sensor, id_sector)
VALUES (11, 3);
INSERT INTO sector_sensor_loc (id_sensor, id_sector)
VALUES (12, 3);
INSERT INTO sector_sensor_loc (id_sensor, id_sector)
VALUES (13, 4);
INSERT INTO sector_sensor_loc (id_sensor, id_sector)
VALUES (14, 4);
INSERT INTO sector_sensor_loc (id_sensor, id_sector)
VALUES (15, 4);
INSERT INTO sector_sensor_loc (id_sensor, id_sector)
VALUES (16, 4);
--@block
/*Populates sensor_sector table*/
INSERT INTO sensor_sector (id_sensor, ID_SENSOR_TYPE)
VALUES (1, 1),
    (2, 1),
    (3, 1),
    (4, 1),
    (5, 1),
    (6, 1),
    (7, 1),
    (8, 1),
    (9, 1),
    (10, 1),
    (11, 1),
    (12, 1),
    (13, 1),
    (14, 1),
    (15, 1),
    (16, 1);
--@block
/*Populates sensor_type table*/
INSERT INTO sensor_type (id_sensor_type, DESCRIPTION, LOCATION)
VALUES (1, 'HUMIDITY', 'SECTOR');
--@block
/*Populates measurement_sector table*/
INSERT INTO measurement_sector (id_sensor, timEstaMP, id_meas_type)
VALUES (1, "2017-06-21 03:38:48", 1),
    (1, "2014-10-26 12:42:21", 1),
    (1, "2014-02-13 09:45:09", 1),
    (1, "2018-08-13 21:53:11", 1),
    (1, "2014-09-23 08:31:50", 1),
    (1, "2021-09-26 11:23:48", 1),
    (1, "2012-03-27 15:07:42", 1),
    (1, "2022-04-30 23:25:30", 1),
    (1, "2021-04-07 20:30:53", 1),
    (1, "2017-12-29 20:32:48", 1);
--@block
-- populate measurement_type
INSERT INTO measurement_type(ID_MEAS_TYPE, UNIT, NUM_VALUES)
VALUES (1, '%', 1);
-- Populate Measurement Pipe
INSERT INTO MEASUREMENT_PIPE (TIMESTAMP, ID_SENSOR, ID_MEAS_TYPE)
VALUES (" 2019-02-05 23:18:40 ", 2, 2),
    (" 2018-03-31 02:36:43 ", 3, 2),
    (" 2021-03-16 17:10:37 ", 3, 1),
    (" 2018-07-31 13:33:33 ", 3, 1),
    (" 2022-06-26 21:03:10 ", 3, 1),
    (" 2014-04-15 10:50:48 ", 3, 1),
    (" 2022-01-18 17:53:07 ", 3, 2),
    (" 2016-10-24 19:03:33 ", 3, 2),
    (" 2012-04-17 21:09:02 ", 1, 1),
    (" 2019-01-30 20:55:39 ", 1, 2);
--@block
INSERT INTO VALUE_PIPE (TIMESTAMP, ID_SENSOR, VALUE_ID, VALUE)
VALUES (" 2,019-02-05 23:18:40 ", 2, 1, 324),
    (" 2018-03-31 02:36:43 ", 3, 1, 2),
    (" 2021-03-16 17:10:37 ", 3, 1, 423),
    (" 2018-07-31 13:33:33 ", 3, 1, 12),
    (" 2022-06-26 21:03:10 ", 3, 1, 658),
    (" 2014-04-15 10:50:48 ", 3, 1, 768),
    (" 2022-01-18 17:53:07 ", 3, 1, 46),
    (" 2016-10-24 19:03:33 ", 3, 1, 0978),
    (" 2012-04-17 21:09:02 ", 1, 1, 32),
    (" 2019-01-30 20:55:39 ", 1, 1, 76),
    (" 2019-02-05 23:18:40 ", 2, 2, 543),
    (" 2018-03-31 02:36:43 ", 3, 2, 34),
    (" 2021-03-16 17:10:37 ", 3, 2, 54),
    (" 2018-07-31 13:33:33 ", 3, 2, 321),
    (" 2022-06-26 21:03:10 ", 3, 2, 980),
    (" 2014-04-15 10:50:48 ", 3, 2, 4),
    (" 2022-01-18 17:53:07 ", 3, 2, 7654),
    (" 2016-10-24 19:03:33 ", 3, 2, 253),
    (" 2012-04-17 21:09:02 ", 1, 2, 432),
    (" 2019-01-30 20:55:39 ", 1, 2, 354),
    --@block
    --populate connection
INSERT INTO connection (ID_SECTOR_IN, ID_SECTOR_OUT, ID_PIPE)
VALUES (1, 2, 1);
INSERT INTO connection (ID_SECTOR_IN, ID_SECTOR_OUT, ID_PIPE)
VALUES (1, 3, 2);
INSERT INTO connection (ID_SECTOR_IN, ID_SECTOR_OUT, ID_PIPE)
VALUES (1, 4, 3);
INSERT INTO connection (ID_SECTOR_IN, ID_SECTOR_OUT, ID_PIPE)
VALUES (2, 1, 4);
INSERT INTO connection (ID_SECTOR_IN, ID_SECTOR_OUT, ID_PIPE)
VALUES (2, 3, 5);
INSERT INTO connection (ID_SECTOR_IN, ID_SECTOR_OUT, ID_PIPE)
VALUES (2, 4, 6);
INSERT INTO connection (ID_SECTOR_IN, ID_SECTOR_OUT, ID_PIPE)
VALUES (3, 1, 7);
INSERT INTO connection (ID_SECTOR_IN, ID_SECTOR_OUT, ID_PIPE)
VALUES (3, 2, 8);
INSERT INTO connection (ID_SECTOR_IN, ID_SECTOR_OUT, ID_PIPE)
VALUES (3, 4, 9);
INSERT INTO connection (ID_SECTOR_IN, ID_SECTOR_OUT, ID_PIPE)
VALUES (4, 1, 10);
INSERT INTO connection (ID_SECTOR_IN, ID_SECTOR_OUT, ID_PIPE)
VALUES (4, 2, 11);
INSERT INTO connection (ID_SECTOR_IN, ID_SECTOR_OUT, ID_PIPE)
VALUES (4, 3, 12);
--@block
--populate PIPE
INSERT INTO pipe (ID_PIPE)
VALUES (1);
INSERT INTO pipe (ID_PIPE)
VALUES (2);
INSERT INTO pipe (ID_PIPE)
VALUES (3);
INSERT INTO pipe (ID_PIPE)
VALUES (4);
INSERT INTO pipe (ID_PIPE)
VALUES (5);
INSERT INTO pipe (ID_PIPE)
VALUES (6);
INSERT INTO pipe (ID_PIPE)
VALUES (7);
INSERT INTO pipe (ID_PIPE)
VALUES (8);
INSERT INTO pipe (ID_PIPE)
VALUES (9);
INSERT INTO pipe (ID_PIPE)
VALUES (10);
INSERT INTO pipe (ID_PIPE)
VALUES (11);
INSERT INTO pipe (ID_PIPE)
VALUES (12);
--@block
--populate pipe_act_loc
INSERT INTO pipe_act_loc (ID_ACTUATOR, ID_PIPE)
VALUES (1, 1);
INSERT INTO pipe_act_loc (ID_ACTUATOR, ID_PIPE)
VALUES (2, 1);
INSERT INTO pipe_act_loc (ID_ACTUATOR, ID_PIPE)
VALUES (3, 2);
INSERT INTO pipe_act_loc (ID_ACTUATOR, ID_PIPE)
VALUES (4, 2);
INSERT INTO pipe_act_loc (ID_ACTUATOR, ID_PIPE)
VALUES (5, 3);
INSERT INTO pipe_act_loc (ID_ACTUATOR, ID_PIPE)
VALUES (6, 3);
INSERT INTO pipe_act_loc (ID_ACTUATOR, ID_PIPE)
VALUES (7, 4);
INSERT INTO pipe_act_loc (ID_ACTUATOR, ID_PIPE)
VALUES (8, 4);
INSERT INTO pipe_act_loc (ID_ACTUATOR, ID_PIPE)
VALUES (9, 5);
INSERT INTO pipe_act_loc (ID_ACTUATOR, ID_PIPE)
VALUES (10, 5);
INSERT INTO pipe_act_loc (ID_ACTUATOR, ID_PIPE)
VALUES (11, 6);
INSERT INTO pipe_act_loc (ID_ACTUATOR, ID_PIPE)
VALUES (12, 6);
INSERT INTO pipe_act_loc (ID_ACTUATOR, ID_PIPE)
VALUES (13, 7);
INSERT INTO pipe_act_loc (ID_ACTUATOR, ID_PIPE)
VALUES (14, 7);
INSERT INTO pipe_act_loc (ID_ACTUATOR, ID_PIPE)
VALUES (15, 8);
INSERT INTO pipe_act_loc (ID_ACTUATOR, ID_PIPE)
VALUES (16, 8);
INSERT INTO pipe_act_loc (ID_ACTUATOR, ID_PIPE)
VALUES (17, 9);
INSERT INTO pipe_act_loc (ID_ACTUATOR, ID_PIPE)
VALUES (18, 9);
INSERT INTO pipe_act_loc (ID_ACTUATOR, ID_PIPE)
VALUES (19, 10);
INSERT INTO pipe_act_loc (ID_ACTUATOR, ID_PIPE)
VALUES (20, 10);
INSERT INTO pipe_act_loc (ID_ACTUATOR, ID_PIPE)
VALUES (21, 11);
INSERT INTO pipe_act_loc (ID_ACTUATOR, ID_PIPE)
VALUES (22, 11);
INSERT INTO pipe_act_loc (ID_ACTUATOR, ID_PIPE)
VALUES (23, 12);
INSERT INTO pipe_act_loc (ID_ACTUATOR, ID_PIPE)
VALUES (24, 12);
--@block
--populate actuator_pipe
INSERT INTO actuator_pipe (ID_ACTUATOR, ID_TYPE)
VALUES (1, 1);
INSERT INTO actuator_pipe (ID_ACTUATOR, ID_TYPE)
VALUES (2, 1);
INSERT INTO actuator_pipe (ID_ACTUATOR, ID_TYPE)
VALUES (3, 1);
INSERT INTO actuator_pipe (ID_ACTUATOR, ID_TYPE)
VALUES (4, 1);
INSERT INTO actuator_pipe (ID_ACTUATOR, ID_TYPE)
VALUES (5, 1);
INSERT INTO actuator_pipe (ID_ACTUATOR, ID_TYPE)
VALUES (6, 1);
INSERT INTO actuator_pipe (ID_ACTUATOR, ID_TYPE)
VALUES (7, 1);
INSERT INTO actuator_pipe (ID_ACTUATOR, ID_TYPE)
VALUES (8, 1);
INSERT INTO actuator_pipe (ID_ACTUATOR, ID_TYPE)
VALUES (9, 1);
INSERT INTO actuator_pipe (ID_ACTUATOR, ID_TYPE)
VALUES (10, 1);
INSERT INTO actuator_pipe (ID_ACTUATOR, ID_TYPE)
VALUES (11, 1);
INSERT INTO actuator_pipe (ID_ACTUATOR, ID_TYPE)
VALUES (12, 1);
INSERT INTO actuator_pipe (ID_ACTUATOR, ID_TYPE)
VALUES (13, 1);
INSERT INTO actuator_pipe (ID_ACTUATOR, ID_TYPE)
VALUES (14, 1);
INSERT INTO actuator_pipe (ID_ACTUATOR, ID_TYPE)
VALUES (15, 1);
INSERT INTO actuator_pipe (ID_ACTUATOR, ID_TYPE)
VALUES (16, 1);
INSERT INTO actuator_pipe (ID_ACTUATOR, ID_TYPE)
VALUES (17, 1);
INSERT INTO actuator_pipe (ID_ACTUATOR, ID_TYPE)
VALUES (18, 1);
INSERT INTO actuator_pipe (ID_ACTUATOR, ID_TYPE)
VALUES (19, 1);
INSERT INTO actuator_pipe (ID_ACTUATOR, ID_TYPE)
VALUES (20, 1);
INSERT INTO actuator_pipe (ID_ACTUATOR, ID_TYPE)
VALUES (21, 1);
INSERT INTO actuator_pipe (ID_ACTUATOR, ID_TYPE)
VALUES (22, 1);
INSERT INTO actuator_pipe (ID_ACTUATOR, ID_TYPE)
VALUES (23, 1);
INSERT INTO actuator_pipe (ID_ACTUATOR, ID_TYPE)
VALUES (24, 1);
--@block
--populate actuator_pipe_type
INSERT INTO actuator_pipe_type (ID_TYPE, DESCRIPTION, IS_SWITCH)
VALUES (1, 'WATER VALVE ACTUATOR', 0);
--@block
--populate water_valve
INSERT INTO water_valve (ID_ACTUATOR, IS_ACTIVE)
VALUES (1, 1);
INSERT INTO water_valve (ID_ACTUATOR, IS_ACTIVE)
VALUES (2, 1);
INSERT INTO water_valve (ID_ACTUATOR, IS_ACTIVE)
VALUES (3, 1);
INSERT INTO water_valve (ID_ACTUATOR, IS_ACTIVE)
VALUES (4, 1);
INSERT INTO water_valve (ID_ACTUATOR, IS_ACTIVE)
VALUES (5, 1);
INSERT INTO water_valve (ID_ACTUATOR, IS_ACTIVE)
VALUES (6, 1);
INSERT INTO water_valve (ID_ACTUATOR, IS_ACTIVE)
VALUES (7, 1);
INSERT INTO water_valve (ID_ACTUATOR, IS_ACTIVE)
VALUES (8, 1);
INSERT INTO water_valve (ID_ACTUATOR, IS_ACTIVE)
VALUES (9, 1);
INSERT INTO water_valve (ID_ACTUATOR, IS_ACTIVE)
VALUES (10, 1);
INSERT INTO water_valve (ID_ACTUATOR, IS_ACTIVE)
VALUES (11, 1);
INSERT INTO water_valve (ID_ACTUATOR, IS_ACTIVE)
VALUES (12, 1);
INSERT INTO water_valve (ID_ACTUATOR, IS_ACTIVE)
VALUES (13, 1);
INSERT INTO water_valve (ID_ACTUATOR, IS_ACTIVE)
VALUES (14, 1);
INSERT INTO water_valve (ID_ACTUATOR, IS_ACTIVE)
VALUES (15, 1);
INSERT INTO water_valve (ID_ACTUATOR, IS_ACTIVE)
VALUES (16, 1);
INSERT INTO water_valve (ID_ACTUATOR, IS_ACTIVE)
VALUES (17, 1);
INSERT INTO water_valve (ID_ACTUATOR, IS_ACTIVE)
VALUES (18, 1);
INSERT INTO water_valve (ID_ACTUATOR, IS_ACTIVE)
VALUES (19, 1);
INSERT INTO water_valve (ID_ACTUATOR, IS_ACTIVE)
VALUES (20, 1);
INSERT INTO water_valve (ID_ACTUATOR, IS_ACTIVE)
VALUES (21, 1);
INSERT INTO water_valve (ID_ACTUATOR, IS_ACTIVE)
VALUES (22, 1);
INSERT INTO water_valve (ID_ACTUATOR, IS_ACTIVE)
VALUES (23, 1);
INSERT INTO water_valve (ID_ACTUATOR, IS_ACTIVE)
VALUES (24, 1);