INSERT INTO BUILDING (	ID_BUILDING) VALUES (1);


INSERT INTO  BUILDING_SPACE(ID_SPACE, ID_SUPER_SPACE, ID_BUILDING, DESCRIPTION, LFT, RGT) VALUES (1, NULL, 1, 'BUILDING',1, 14);
INSERT INTO  BUILDING_SPACE(ID_SPACE, ID_SUPER_SPACE, ID_BUILDING, DESCRIPTION, LFT, RGT) VALUES (2, 1, 1, 'FIRST FLOOR', 2, 7);
INSERT INTO  BUILDING_SPACE(ID_SPACE, ID_SUPER_SPACE, ID_BUILDING, DESCRIPTION, LFT, RGT) VALUES (3, 2, 1, 'OFFICE 1', 3, 4);
INSERT INTO  BUILDING_SPACE(ID_SPACE, ID_SUPER_SPACE, ID_BUILDING, DESCRIPTION, LFT, RGT) VALUES (4, 2, 1, 'OFFICE 2', 5, 6);
INSERT INTO  BUILDING_SPACE(ID_SPACE, ID_SUPER_SPACE, ID_BUILDING, DESCRIPTION, LFT, RGT) VALUES (5, 1, 1, 'PISO SEGUNDO', 8, 13);
INSERT INTO  BUILDING_SPACE(ID_SPACE, ID_SUPER_SPACE, ID_BUILDING, DESCRIPTION, LFT, RGT) VALUES (6, 5, 1, 'OFFICE 3', 9, 10);
INSERT INTO  BUILDING_SPACE(ID_SPACE, ID_SUPER_SPACE, ID_BUILDING, DESCRIPTION, LFT, RGT) VALUES (7, 5, 1, 'OFFICE 4', 11, 12);

INSERT INTO VARIABLE_TYPE (ID_VARIABLE_TYPE, DESCRIPTION) VALUES (1, 'TEMPERATURE');
INSERT INTO VARIABLE_TYPE (ID_VARIABLE_TYPE, DESCRIPTION) VALUES (2, 'HUMIDITY');

INSERT INTO CUSTOMER(ID_CUSTOMER, NAME) VALUES (1, 'MERCEDES BENZ');

INSERT INTO CUSTOMER_BUILDING (ID_CUSTOMER, ID_BUILDING) VALUES (1,1);

INSERT INTO VARIABLE (ID_VARIABLE, ID_SPACE, ID_VARIABLE_TYPE, DESCRIPTION ) VALUES (1, 3, 1, 'TEMP IN OFFICE 1') ;
INSERT INTO VARIABLE (ID_VARIABLE, ID_SPACE, ID_VARIABLE_TYPE, DESCRIPTION ) VALUES (2, 4, 1, 'TEMP IN OFFICE 2') ;
INSERT INTO VARIABLE (ID_VARIABLE, ID_SPACE, ID_VARIABLE_TYPE, DESCRIPTION ) VALUES (3, 6, 1, 'TEMP IN OFFICE 3') ;
INSERT INTO VARIABLE (ID_VARIABLE, ID_SPACE, ID_VARIABLE_TYPE, DESCRIPTION ) VALUES (4, 7, 1, 'TEMP IN OFFICE 4') ;
INSERT INTO VARIABLE (ID_VARIABLE, ID_SPACE, ID_VARIABLE_TYPE, DESCRIPTION ) VALUES (5, 2, 2, 'HUM IN FIRST FLOOR') ;
INSERT INTO VARIABLE (ID_VARIABLE, ID_SPACE, ID_VARIABLE_TYPE, DESCRIPTION ) VALUES (6, 6, 2, 'HUM IN OFFICE 3') ;

INSERT INTO  VARIABLE_VALUES(ID_VARIABLE, INFO_DATE, VALUE) VALUES (1, NOW(), 24.5);
INSERT INTO  VARIABLE_VALUES(ID_VARIABLE, INFO_DATE, VALUE) VALUES (2, NOW(), 25);
INSERT INTO  VARIABLE_VALUES(ID_VARIABLE, INFO_DATE, VALUE) VALUES (3, NOW(), 26);
INSERT INTO  VARIABLE_VALUES(ID_VARIABLE, INFO_DATE, VALUE) VALUES (4, NOW(), 27);
INSERT INTO  VARIABLE_VALUES(ID_VARIABLE, INFO_DATE, VALUE) VALUES (5, NOW(), 33);
INSERT INTO  VARIABLE_VALUES(ID_VARIABLE, INFO_DATE, VALUE) VALUES (6, NOW(), 50);




